{
    "loss": 34.70726013183594,
    "accuracy": 0.5467625856399536
}