{
    "loss": 0.9887070655822754,
    "accuracy": 0.9568345546722412
}